date,pollster,publisher,sample,Likud,Together,RZP,Zehut,Otzma,Shas,UTJ,Yisrael Beiteinu,Ra'am,Joint List,Dems,Yashar,Amcha Yisrael,Zionist Home,Hadash -Ta'al,Balad,Blue & White,Yesh Atid,Bennett 2026,Likud B,Reserv.,National Unity,Meretz,Gallant,New Hope,Bennett,Cohen,Hendel & Bennett,Levin,Protest Party,Right-wing liberal party,Labor,Netanyahu,Barkat,Eisenkot,Neither,Undecided
2023-03-23,Panels Politics,Maariv,,28.0,,5.0,,6.0,10.0,7.0,5.0,4.0,,,,,,5.0,,,26.0,,,,19.0,5.0,,,,,,,,,,,,,,
2023-05-07,CF+MP+SN,Channel 13,,24.0,,7.0,,4.0,10.0,7.0,6.0,5.0,,,,,,5.0,,,18.0,,,,29.0,,,,,,,,5.0,,,,,,,
2023-05-24,CF+MP+SN,Channel 13,,22.0,,5.0,,4.0,9.0,7.0,4.0,6.0,,,,,,5.0,4.0,,18.0,,,,26.0,4.0,,,,,,6.0,,,,,,,,
2023-06-01,Midgam R&C,Arutz Sheva,,25.0,,5.0,,5.0,10.0,7.0,5.0,6.0,,,,,,4.0,,,15.0,,,,25.0,4.0,,,,,9.0,,,,,,,,,
2023-08-10,Lazar,Maariv,,28.0,,6.0,,4.0,9.0,7.0,6.0,5.0,,,,,,5.0,,,16.0,,,,29.0,5.0,,,,,,,,,,,,,,
2023-08-10,SF+DP,Channel 14,,29.0,,4.0,,4.0,10.0,7.0,6.0,5.0,,,,,,5.0,,,10.0,,,,21.0,,,,,,,,12.0,7.0,,,,,,
2023-09-07,LRI+P4A,Maariv,,,,7.0,,5.0,10.0,7.0,5.0,6.0,,,,,,5.0,,,17.0,,,,27.0,5.0,26.0,,,,,,,,,,,,,
2023-09-14,LRI+P4A,Maariv,,26.0,,5.0,,5.0,9.0,7.0,5.0,5.0,,,,,,5.0,,,14.0,,,,25.0,,,,,,,,5.0,9.0,,,,,,
2023-12-28,CF+MP+SN,Channel 13,,,,8.0,,5.0,9.0,7.0,8.0,6.0,,,,,,4.0,,,15.0,,,,38.0,4.0,,,,,,,,,,16.0,,,,
2024-01-21,CF+MP+SN,Channel 13,,16.0,,5.0,,8.0,9.0,7.0,9.0,5.0,,,,,,5.0,,,13.0,,,,39.0,4.0,,,,,,,,,,,,,,
2024-01-25,Lazar,The Jerusalem Post,,16.0,,4.0,,8.0,9.0,7.0,9.0,5.0,,,,,,5.0,,,13.0,,,,40.0,4.0,,,,,,,,,,,,,,
2024-01-30,Midgam R&C,HaHadashot 12,,18.0,,4.0,,8.0,10.0,7.0,8.0,5.0,,,,,,5.0,,,13.0,,,,38.0,4.0,,,,,,,,,,,,,,
2024-02-11,CF+MP+SN,Channel 13,,18.0,,6.0,,8.0,9.0,7.0,10.0,4.0,,,,,,4.0,,,13.0,,,,32.0,4.0,,5.0,,,,,,,,,,,,
2024-03-13,Midgam R&C,HaHadashot 12,,18.0,,,,8.0,11.0,7.0,10.0,5.0,,,,,,5.0,,,12.0,,,,28.0,4.0,,,12.0,,,,,,,,,,,
2024-03-13,CF+MP+SN,Channel 13,,15.0,,4.0,,7.0,9.0,6.0,8.0,4.0,,,,,,4.0,,,10.0,,,,21.0,4.0,,,18.0,11.0,,,,,,,,,,
2024-04-21,Midgam Project & Stat Net,Channel 13,,20.0,,7.0,,9.0,8.0,7.0,11.0,4.0,,,,,,5.0,,,15.0,,,,30.0,,,,,,,,,,4.0,,,,,
2024-04-30,Midgam R&C,HaHadashot 12,,18.0,,4.0,,10.0,10.0,8.0,10.0,5.0,,,,,,5.0,,,15.0,,,,31.0,4.0,,,,,,,,,,,,,,
2024-05-16,Midgam R&C,HaHadashot 12,,19.0,,4.0,,9.0,10.0,8.0,11.0,5.0,,,,,,5.0,,,16.0,,,,29.0,4.0,,,,,,,,,,,,,,
2024-05-30,LRI+P4A,Maariv,,22.0,,4.0,,10.0,7.0,10.0,10.0,4.0,,,,,,5.0,,,14.0,,,,25.0,4.0,,,,,,,,,5.0,,,,,
2024-06-28,LRI+P4A,Maariv,,21.0,,,,9.0,10.0,7.0,14.0,5.0,,,,,,5.0,,,15.0,,,,24.0,4.0,,,,,,,,,6.0,,,,,
2024-08-22,Midgam R&C,HaHadashot 12,,22.0,,,,8.0,10.0,8.0,14.0,5.0,,11.0,,,,5.0,,,15.0,,,,22.0,,,,,,,,,,,,,,,
2024-09-04,Kantar,Kan 11,,22.0,,4.0,,8.0,10.0,7.0,14.0,5.0,,8.0,,,,5.0,,,14.0,,,,23.0,,,,,,,,,,,,,,,
2024-09-16,MM+SN,Channel 13,,21.0,,5.0,,9.0,10.0,7.0,14.0,6.0,,8.0,,,,5.0,,,13.0,,,,22.0,,,,,,,,,,,,,,,
2025-06-06,LRI+P4A,i24 News,,19.0,,,,8.0,9.0,7.0,9.0,5.0,,11.0,,,9.0,5.0,,7.0,7.0,24.0,,,,,,,,,,,,,,,,,,
2025-07-03,LRI+P4A,Maariv,,27.0,,,,7.0,9.0,8.0,9.0,5.0,,11.0,,,,5.0,,6.0,9.0,24.0,,,,,,,,,,,,,,,,,,
2025-08-29,TrendZone,–,,32.0,,,,6.0,9.0,7.0,21.0,6.0,,9.0,,,,5.0,,12.0,9.0,4.0,,,,,,,,,,,,,,,,,,
2025-09-18,Midgam R&C,HaHadashot 12,,24.0,,4.0,,5.0,9.0,7.0,11.0,5.0,,10.0,10.0,,,5.0,,,9.0,21.0,,,,,,,,,,,,,,,,,,
2025-10-16,Midgam R&C,HaHadashot 12,,27.0,,,,8.0,9.0,7.0,8.0,5.0,,11.0,8.0,,,5.0,,4.0,8.0,20.0,4.0,,,,,,,,,,,,,,,,,
2025-12-04,MM+SN,Channel 13,,23.0,,4.0,,9.0,10.0,6.0,10.0,4.0,,10.0,6.0,,,6.0,,,9.0,19.0,,4.0,,,,,,,,,,,,,,,,
2026-01-01,Yossi Tatika,Zman Yisrael,500.0,28.0,,,,6.0,10.0,8.0,10.0,6.0,,8.0,7.0,,,5.0,,,10.0,22.0,,,,,,,,,,,,,,,,,,
2026-01-01,LRI+P4A,Maariv,,27.0,,,,10.0,8.0,7.0,10.0,5.0,,10.0,10.0,,,5.0,,,9.0,19.0,,,,,,,,,,,,,,,,,,
2026-01-01,Filber,Channel 14,736.0,35.0,,5.0,,7.0,11.0,8.0,9.0,5.0,,10.0,8.0,,,5.0,,,6.0,11.0,,,,,,,,,,,,,,,,,,
2026-01-01,Midgam R&C,HaHadashot 12,,26.0,,,,9.0,9.0,7.0,9.0,5.0,,11.0,8.0,,,5.0,,,10.0,21.0,,,,,,,,,,,,,,,,,,
2026-01-07,MM+SN,Channel 13,,26.0,,,,10.0,10.0,7.0,10.0,5.0,,8.0,8.0,,,5.0,,,7.0,24.0,,,,,,,,,,,,,,,,,,
2026-01-08,Midgam R&C,HaHadashot 12,,25.0,,4.0,,8.0,8.0,7.0,8.0,5.0,,12.0,8.0,,,5.0,,,9.0,21.0,,,,,,,,,,,,,,,,,,
2026-01-08,Yossi Tatika,Zman Yisrael,500.0,28.0,,,,7.0,10.0,8.0,10.0,6.0,,9.0,6.0,,,5.0,,,10.0,21.0,,,,,,,,,,,,,,,,,,
2026-01-08,LRI+P4A,Maariv,503.0,27.0,,,,9.0,8.0,7.0,9.0,5.0,,10.0,10.0,,,5.0,,,8.0,22.0,,,,,,,,,,,,,,,,,,
2026-01-08,Filber,Channel 14,506.0,35.0,,4.0,,7.0,11.0,9.0,9.0,5.0,,8.0,8.0,,,5.0,,,6.0,13.0,,,,,,,,,,,,,,,,,,
2026-01-14,Kantar,Israel Hayom,600.0,27.0,,,,9.0,10.0,7.0,8.0,5.0,,9.0,9.0,,,5.0,,,8.0,23.0,,,,,,,,,,,,,,,,,,
2026-01-15,Filber,Channel 14,604.0,35.0,,4.0,,7.0,11.0,9.0,10.0,6.0,,11.0,6.0,,,5.0,,,5.0,11.0,,,,,,,,,,,,,,,,,,
2026-01-15,TrendZone,–,,34.0,,,,10.0,6.0,6.0,6.0,5.0,,12.0,9.0,,,6.0,,,5.0,21.0,,,,,,,,,,,,,,,,,,
2026-01-15,Midgam R&C,HaHadashot 12,504.0,26.0,,,,9.0,8.0,8.0,8.0,5.0,,12.0,8.0,,,5.0,,,9.0,22.0,,,,,,,,,,,,,,,,,,
2026-01-15,Yossi Tatika,Zman Yisrael,500.0,27.0,,,,7.0,10.0,8.0,10.0,6.0,,8.0,7.0,,,5.0,,4.0,9.0,19.0,,,,,,,,,,,,,,,,,,
2026-01-15,LRI+P4A,Maariv,501.0,26.0,,,,10.0,8.0,7.0,8.0,4.0,,10.0,11.0,,,5.0,,,9.0,22.0,,,,,,,,,,,,,,,,,,
2026-01-20,MM+SN,Channel 13,,25.0,,,,9.0,10.0,7.0,9.0,4.0,,10.0,7.0,,,5.0,4.0,,7.0,23.0,,,,,,,,,,,,,,,,,,
2026-01-22,Yossi Tatika,Zman Yisrael,500.0,25.0,,4.0,,6.0,10.0,8.0,10.0,6.0,,9.0,7.0,,,5.0,,4.0,8.0,18.0,,,,,,,,,,,,,,,,,,
2026-01-22,LRI+P4A,Maariv,501.0,25.0,,,,9.0,8.0,7.0,9.0,5.0,,9.0,11.0,,,5.0,,,9.0,23.0,,,,,,,,,,,,,,,,,,
2026-01-22,Filber,Channel 14,503.0,34.0,,5.0,,7.0,10.0,9.0,8.0,5.0,,10.0,7.0,,,6.0,,4.0,5.0,10.0,,,,,,,,,,,,,,,,,,
2026-01-22,Midgam R&C,HaHadashot 12,501.0,25.0,,,,9.0,9.0,8.0,9.0,5.0,,11.0,9.0,,,5.0,,,8.0,22.0,,,,,,,,,,,,,,,,,,
2026-01-29,Yossi Tatika,Zman Yisrael,500.0,28.0,,,,7.0,10.0,8.0,10.0,6.0,,10.0,8.0,,,5.0,,,9.0,19.0,,,,,,,,,,,,,,,,,,
2026-02-11,Kantar,Israel Hayom,,27.0,,,,10.0,9.0,7.0,9.0,5.0,,9.0,11.0,,,5.0,,,7.0,21.0,,,,,,,,,,,,,,,,,,
2026-02-12,Midgam R&C,HaHadashot 12,,26.0,,,,9.0,9.0,7.0,9.0,5.0,,11.0,11.0,,,5.0,,,7.0,21.0,,,,,,,,,,,,,,,,,,
2026-02-12,LRI+P4A,Maariv,593.0,25.0,,,,10.0,8.0,7.0,9.0,5.0,,9.0,12.0,,,5.0,,,9.0,21.0,,,,,,,,,,,,,,,,,,
2026-02-12,Yossi Tatika,Zman Yisrael,500.0,28.0,,,,7.0,10.0,8.0,11.0,6.0,,8.0,8.0,,,5.0,,,9.0,20.0,,,,,,,,,,,,,,,,,,
2026-02-19,Yossi Tatika,Zman Yisrael,500.0,27.0,,,,7.0,10.0,8.0,10.0,6.0,,9.0,9.0,,,5.0,,4.0,7.0,18.0,,,,,,,,,,,,,,,,,,
2026-02-19,LRI+P4A,Maariv,501.0,26.0,,,,9.0,8.0,7.0,8.0,5.0,,11.0,13.0,,,5.0,,,8.0,20.0,,,,,,,,,,,,,,,,,,
2026-02-26,Yossi Tatika,Zman Yisrael,500.0,27.0,,,,8.0,10.0,8.0,10.0,6.0,,9.0,12.0,,,5.0,,,7.0,18.0,,,,,,,,,,,,,,,,,,
2026-02-26,LRI+P4A,Maariv,501.0,26.0,,,,9.0,8.0,7.0,8.0,5.0,,11.0,14.0,,,5.0,,,8.0,19.0,,,,,,,,,,,,,,,,,,
2026-02-26,Midgam R&C,HaHadashot 12,,26.0,,,,10.0,9.0,7.0,8.0,6.0,,11.0,11.0,,,4.0,,,7.0,21.0,,,,,,,,,,,,,,,,,,
2026-03-05,Yossi Tatika,Zman Yisrael,500.0,31.0,,,,6.0,9.0,7.0,10.0,5.0,,8.0,14.0,,,5.0,,4.0,6.0,15.0,,,,,,,,,,,,,,,,,,
2026-03-05,LRI+P4A,Maariv,500.0,27.0,,,,9.0,8.0,7.0,8.0,5.0,,10.0,14.0,,,5.0,,,6.0,21.0,,,,,,,,,,,,,,,,,,
2026-03-11,Midgam R&C,HaHadashot 12,,26.0,,,,9.0,9.0,7.0,9.0,5.0,,12.0,11.0,,,5.0,,,6.0,21.0,,,,,,,,,,,,,,,,,,
2026-03-12,Yossi Tatika,Zman Yisrael,500.0,29.0,,4.0,,6.0,8.0,7.0,10.0,5.0,,8.0,15.0,,,5.0,,,6.0,17.0,,,,,,,,,,,,,,,,,,
2026-03-13,LRI+P4A,Maariv,500.0,27.0,,,,8.0,8.0,7.0,8.0,5.0,,10.0,13.0,,,5.0,,,7.0,22.0,,,,,,,,,,,,,,,,,,
2026-03-19,Midgam R&C,HaHadashot 12,503.0,28.0,,,,7.0,9.0,7.0,9.0,5.0,,12.0,12.0,,,5.0,,,6.0,20.0,,,,,,,,,,,,,,,,,,
2026-03-19,Yossi Tatika,Zman Yisrael,500.0,28.0,,,,7.0,8.0,8.0,10.0,5.0,,9.0,16.0,,,5.0,,4.0,5.0,15.0,,,,,,,,,,,,,,,,,,
2026-03-20,LRI+P4A,Maariv,,28.0,,,,7.0,8.0,7.0,10.0,5.0,,10.0,11.0,,,5.0,,,8.0,21.0,,,,,,,,,,,,,,,,,,
2026-03-26,LRI+P4A,Maariv,500.0,26.0,,,,9.0,8.0,7.0,9.0,5.0,,10.0,13.0,,,5.0,,,7.0,21.0,,,,,,,,,,,,,,,,,,
2026-03-26,Yossi Tatika,Zman Yisrael,500.0,29.0,,,,7.0,9.0,8.0,10.0,5.0,,8.0,17.0,,,5.0,,,6.0,16.0,,,,,,,,,,,,,,,,,,
2026-03-29,Kantar,Kan 11,553.0,28.0,,,,8.0,9.0,8.0,9.0,5.0,,9.0,13.0,,,6.0,,,7.0,19.0,,,,,,,,,,,,,,,,,,
2026-03-31,LRI+P4A,Maariv,500.0,25.0,,,,8.0,9.0,7.0,8.0,4.0,,9.0,14.0,,,6.0,,,8.0,22.0,,,,,,,,,,,,,,,,,,
2026-04-09,Midgam R&C,HaHadashot 12,,25.0,,,,9.0,9.0,7.0,9.0,5.0,,10.0,13.0,,,5.0,,,6.0,22.0,,,,,,,,,,,,,,,,,,
2026-04-09,MM+SN,Channel 13,,22.0,,5.0,,10.0,10.0,7.0,8.0,5.0,,8.0,12.0,,,6.0,,,6.0,21.0,,,,,,,,,,,,,,,,,,
2026-04-09,Kantar,Kan 11,552.0,25.0,,,,10.0,9.0,7.0,9.0,5.0,,11.0,14.0,,,5.0,,,6.0,19.0,,,,,,,,,,,,,,,,,,
2026-04-10,LRI+P4A,Maariv,500.0,25.0,,,,8.0,9.0,7.0,9.0,5.0,,8.0,13.0,,,5.0,,,7.0,24.0,,,,,,,,,,,,,,,,,,
2026-04-16,Yossi Tatika,Zman Yisrael,500.0,28.0,,,,6.0,9.0,8.0,10.0,5.0,,9.0,16.0,,,4.0,,4.0,5.0,16.0,,,,,,,,,,,,,,,,,,
2026-04-16,Kantar,Israel Hayom,,26.0,,,,10.0,9.0,7.0,8.0,5.0,,9.0,14.0,,,6.0,,,6.0,20.0,,,,,,,,,,,,,,,,,,
2026-04-16,Midgam R&C,HaHadashot 12,,25.0,,,,10.0,9.0,7.0,9.0,5.0,,10.0,14.0,,,5.0,,,6.0,20.0,,,,,,,,,,,,,,,,,,
2026-04-17,LRI+P4A,Maariv,500.0,25.0,,,,8.0,9.0,7.0,9.0,5.0,,9.0,12.0,,,5.0,,,7.0,24.0,,,,,,,,,,,,,,,,,,
2026-04-23,Midgam R&C,HaHadashot 12,,25.0,,,,9.0,9.0,7.0,8.0,5.0,,10.0,14.0,,,5.0,,,7.0,21.0,,,,,,,,,,,,,,,,,,
2026-04-24,LRI+P4A,Maariv,502.0,24.0,,,,9.0,9.0,7.0,9.0,5.0,,9.0,12.0,,,5.0,,,7.0,24.0,,,,,,,,,,,,,,,,,,
2026-04-27,Direct Polls,i24 News,578.0,33.0,24.0,4.0,,6.0,11.0,8.0,6.0,7.0,,9.0,8.0,,,4.0,,,,,,,,,,,,,,,,,,,,,,
2026-04-27,Kantar,Kan 11,555.0,27.0,24.0,,,9.0,9.0,7.0,8.0,5.0,,11.0,15.0,,,5.0,,,,,,,,,,,,,,,,,,,,,,
2026-04-27,Midgam R&C,HaHadashot 12,501.0,25.0,26.0,,,9.0,9.0,7.0,9.0,5.0,,10.0,15.0,,,5.0,,,,,,,,,,,,,,,,,,,,,,
2026-04-27,MM+SN,Channel 13,,26.0,26.0,4.0,,10.0,10.0,7.0,6.0,5.0,,8.0,12.0,,,6.0,,,,,,,,,,,,,,,,,,,,,,
2026-04-27,LRI+P4A,Walla,500.0,28.0,27.0,,,8.0,8.0,7.0,8.0,5.0,,9.0,15.0,,,5.0,,,,,,,,,,,,,,,,,,,,,,
2026-04-30,Kantar,Israel Hayom,,28.0,23.0,,,9.0,8.0,7.0,9.0,5.0,,9.0,16.0,,,6.0,,,,,,,,,,,,,,,,,,,,,,
2026-04-30,Yossi Tatika,Zman Yisrael,500.0,26.0,28.0,,,7.0,9.0,8.0,10.0,5.0,,8.0,15.0,,,4.0,,,,,,,,,,,,,,,,,,,,,,
2026-04-30,LRI+P4A,Maariv,501.0,26.0,28.0,,,9.0,8.0,7.0,8.0,5.0,,10.0,14.0,,,5.0,,,,,,,,,,,,,,,,,,,,,,
2026-05-07,Midgam R&C,HaHadashot 12,503.0,25.0,25.0,,,9.0,9.0,8.0,9.0,5.0,,11.0,14.0,,,5.0,,,,,,,,,,,,,,,,,,,,,,
2026-05-07,SF+ND,Channel 14,721.0,34.0,16.0,5.0,,8.0,10.0,8.0,8.0,5.0,,8.0,13.0,,,5.0,,,,,,,,,,,,,,,,,,,,,,
2026-05-07,Yossi Tatika,Zman Yisrael,500.0,26.0,26.0,,,7.0,9.0,8.0,9.0,5.0,,8.0,14.0,,,4.0,,4.0,,,,,,,,,,,,,,,,,,,,
2026-05-07,LRI+P4A,Maariv,503.0,26.0,26.0,,,9.0,8.0,7.0,9.0,5.0,,10.0,15.0,,,5.0,,,,,,,,,,,,,,,,,,,,,,
2026-05-12,Kantar,Kan 11,557.0,26.0,25.0,,,9.0,9.0,7.0,9.0,5.0,,10.0,15.0,,,5.0,,,,,,,,,,,,,,,,,,,,,,
2026-05-13,LRI+P4A,Maariv,502.0,25.0,26.0,,,8.0,9.0,7.0,9.0,5.0,,10.0,16.0,,,5.0,,,,,,,,,,,,,,,,,,,,,,
2026-05-13,MM+SN,Channel 13,,25.0,26.0,4.0,,10.0,10.0,7.0,7.0,5.0,,9.0,12.0,,,5.0,,,,,,,,,,,,,,,,,,,,,,
2026-05-13,Kantar,Israel Hayom,,26.0,24.0,,,9.0,9.0,7.0,8.0,5.0,,10.0,16.0,,,6.0,,,,,,,,,,,,,,,,,,,,,,
2026-05-14,Midgam R&C,HaHadashot 12,506.0,26.0,24.0,,,9.0,9.0,8.0,9.0,5.0,,10.0,15.0,,,5.0,,,,,,,,,,,,,,,,,,,,,,
2026-05-14,SF+ND,Channel 14,436.0,33.0,16.0,5.0,,8.0,10.0,7.0,7.0,6.0,,9.0,14.0,,,5.0,,,,,,,,,,,,,,,,,,,,,,
2026-05-14,Yossi Tatika,Zman Yisrael,500.0,24.0,24.0,4.0,,8.0,9.0,8.0,10.0,6.0,,8.0,15.0,,,4.0,,,,,,,,,,,,,,,,,,,,,,
2026-05-19,Direct Polls,i24 News,546.0,30.0,15.0,4.0,,8.0,10.0,8.0,8.0,6.0,,9.0,17.0,,,5.0,,,,,,,,,,,,,,,,,,,,,,
2026-05-20,LRI+P4A,Maariv,500.0,24.0,25.0,4.0,,8.0,8.0,7.0,9.0,5.0,,10.0,15.0,,,5.0,,,,,,,,,,,,,,,,,,,,,,
2026-05-20,Yossi Tatika,Zman Yisrael,500.0,24.0,23.0,4.0,,6.0,9.0,8.0,9.0,5.0,,8.0,16.0,,,4.0,,4.0,,,,,,,,,,,,,,,,,,,,
2026-05-20,Kantar,Kan 11,551.0,27.0,23.0,,,9.0,9.0,8.0,8.0,5.0,,10.0,16.0,,,5.0,,,,,,,,,,,,,,,,,,,,,,
2026-05-20,Midgam R&C,HaHadashot 12,501.0,25.0,23.0,4.0,,7.0,9.0,8.0,8.0,5.0,,10.0,16.0,,,5.0,,,,,,,,,,,,,,,,,,,,,,
2026-05-21,LRI+P4A,Maariv,,24.0,25.0,4.0,,8.0,8.0,7.0,9.0,5.0,,10.0,15.0,,,5.0,,,,,,,,,,,,,,,,,,,,,,
2026-05-25,MM+SN,Channel 13,,25.0,23.0,4.0,,10.0,10.0,7.0,8.0,4.0,,9.0,14.0,,,6.0,,,,,,,,,,,,,,,,,,,,,,
2026-05-27,Kantar,Israel Hayom,,25.0,22.0,4.0,,8.0,9.0,7.0,9.0,5.0,,9.0,17.0,,,5.0,,,,,,,,,,,,,,,,,,,,,,
2026-05-28,SF+ND,Channel 14,615.0,33.0,15.0,5.0,,7.0,11.0,7.0,8.0,5.0,,9.0,15.0,,,5.0,,,,,,,,,,,,,,,,,,,,,,
2026-05-28,Yossi Tatika,Zman Yisrael,500.0,24.0,22.0,4.0,,6.0,10.0,8.0,10.0,5.0,,8.0,18.0,,,5.0,,,,,,,,,,,,,,,,,,,,,,
2026-05-28,Midgam R&C,HaHadashot 12,504.0,23.0,22.0,4.0,,8.0,8.0,8.0,9.0,5.0,,11.0,17.0,,,5.0,,,,,,,,,,,,,,,,,,,,,,
2026-06-03,Direct Polls,i24 News,515.0,30.0,14.0,5.0,,8.0,9.0,8.0,9.0,6.0,,10.0,16.0,,,5.0,,,,,,,,,,,,,,,,,,,,,,
2026-06-04,Yossi Tatika,Zman Yisrael,500.0,23.0,21.0,4.0,,6.0,9.0,8.0,10.0,4.0,,8.0,19.0,,,4.0,,4.0,,,,,,,,,,,,,,,,,,,,
2026-06-04,Midgam R&C,HaHadashot 12,505.0,23.0,21.0,4.0,,8.0,9.0,7.0,9.0,5.0,,10.0,19.0,,,5.0,,,,,,,,,,,,,,,,,,,,,,
2026-06-04,Kantar,Kan 11,551.0,24.0,23.0,4.0,,10.0,8.0,7.0,8.0,4.0,,9.0,17.0,,,6.0,,,,,,,,,,,,,,,,,,,,,,
2026-06-04,LRI+P4A,Maariv,500.0,25.0,23.0,,,9.0,9.0,7.0,10.0,4.0,,10.0,17.0,,,6.0,,,,,,,,,,,,,,,,,,,,,,
2026-06-05,SF+ND,Channel 14,,32.0,14.0,5.0,,9.0,10.0,7.0,8.0,5.0,,9.0,16.0,,,5.0,,,,,,,,,,,,,,,,,,,,,,
2026-06-11,LRI+P4A,Maariv,500.0,22.0,21.0,4.0,,9.0,8.0,7.0,9.0,4.0,,10.0,17.0,,,6.0,,,,,,,,,,,,,,,,,,,,,,
2026-06-11,Yossi Tatika,Zman Yisrael,500.0,24.0,21.0,,,8.0,10.0,8.0,10.0,5.0,,8.0,21.0,,,5.0,,,,,,,,,,,,,,,,,,,,,,
2026-06-11,Kantar,Israel Hayom,,24.0,19.0,4.0,,9.0,9.0,7.0,9.0,4.0,,9.0,20.0,,,6.0,,,,,,,,,,,,,,,,,,,,,,
2026-06-11,Midgam R&C,HaHadashot 12,501.0,22.0,20.0,4.0,,9.0,9.0,7.0,8.0,5.0,,11.0,20.0,,,5.0,,,,,,,,,,,,,,,,,,,,,,
2026-06-16,Kantar,Kan 11,555.0,23.0,17.0,4.0,,9.0,9.0,7.0,10.0,4.0,,9.0,21.0,,,7.0,,,,,,,,,,,,,,,,,,,,,,
2026-06-17,MP+TM+SN+A,Channel 13,,22.0,17.0,4.0,,8.0,9.0,8.0,11.0,4.0,,11.0,20.0,,,6.0,,,,,,,,,,,,,,,,,,,,,,
2026-06-18,LRI+P4A,Maariv,501.0,21.0,20.0,4.0,,8.0,9.0,7.0,10.0,4.0,,10.0,21.0,,,6.0,,,,,,,,,,,,,,,,,,,,,,
2026-06-18,Yossi Tatika,Zman Yisrael,500.0,23.0,19.0,,,9.0,10.0,8.0,10.0,5.0,,8.0,23.0,,,5.0,,,,,,,,,,,,,,,,,,,,,,
2026-06-18,Midgam R&C,HaHadashot 12,,22.0,19.0,4.0,,9.0,9.0,7.0,9.0,5.0,,10.0,21.0,,,5.0,,,,,,,,,,,,,,,,,,,,,,
2026-06-24,Kantar,Kan 11,553.0,24.0,16.0,5.0,,9.0,8.0,7.0,10.0,4.0,,9.0,22.0,,,6.0,,,,,,,,,,,,,,,,,,,,,,
2026-06-24,MP+TM+SN+A,Channel 13,,23.0,15.0,5.0,,9.0,8.0,8.0,12.0,4.0,,10.0,20.0,,,6.0,,,,,,,,,,,,,,,,,,,,,,
2026-06-25,Yossi Tatika,Zman Yisrael,500.0,21.0,17.0,4.0,,8.0,10.0,7.0,11.0,4.0,,7.0,23.0,,,4.0,,4.0,,,,,,,,,,,,,,,,,,,,
2026-06-25,LRI+P4A,Maariv,500.0,22.0,18.0,4.0,,9.0,8.0,7.0,11.0,4.0,,10.0,21.0,,,6.0,,,,,,,,,,,,,,,,,,,,,,
2026-06-25,SF+ND,Channel 14,654.0,33.0,9.0,4.0,,7.0,11.0,8.0,9.0,5.0,,9.0,20.0,,,5.0,5.0,,,,,,,,,,,,,,,,,,,,,
2026-06-25,Midgam R&C,HaHadashot 12,504.0,23.0,18.0,4.0,,9.0,9.0,7.0,9.0,4.0,,10.0,21.0,,,6.0,,,,,,,,,,,,,,,,,,,,,,
2026-06-25,Kantar,Israel Hayom,,24.0,16.0,4.0,,9.0,8.0,8.0,9.0,4.0,,10.0,21.0,,,7.0,,,,,,,,,,,,,,,,,,,,,,
2026-06-29,Midgam R&C,HaHadashot 12,,24.0,17.0,4.0,,8.0,9.0,7.0,9.0,5.0,,10.0,22.0,,,5.0,,,,,,,,,,,,,,,,,,,,,,
2026-07-01,MP+TM+SN+A`,Channel 13,1108.0,21.0,17.0,5.0,,8.0,9.0,8.0,10.0,5.0,,11.0,20.0,,,6.0,,,,,,,,,,,,,,,,,,,,,,
2026-07-02,LRI+P4A,Maariv,606.0,21.0,19.0,5.0,,8.0,8.0,8.0,10.0,5.0,,10.0,20.0,,,6.0,,,,,,,,,,,,,,,,,,,,,,
2026-07-02,Yossi Tatika,Zman Yisrael,500.0,22.0,16.0,5.0,,8.0,10.0,8.0,11.0,4.0,,8.0,23.0,,,5.0,,,,,,,,,,,,,,,,,,,,,,
2026-07-05,Kantar,Kan 11,,,,,,,,,,,,,,,,,,,,,,,,,,,,,,,,,,40.0,,41.0,19.0,19.0
2026-07-06,Midgam R&C,HaHadashot 12,503.0,23.0,16.0,4.0,,9.0,8.0,8.0,9.0,4.0,,10.0,23.0,,,6.0,,,,,,,,,,,,,,,,,,,,,,
2026-07-08,MP+TM+SN+A,Channel 13,,22.0,15.0,5.0,,8.0,8.0,8.0,10.0,5.0,,10.0,23.0,,,6.0,,,,,,,,,,,,,,,,,,,,,,
2026-07-09,LRI+P4A,Maariv,500.0,21.0,18.0,4.0,,8.0,8.0,8.0,10.0,5.0,,10.0,22.0,,,6.0,,,,,,,,,,,,,,,,,,,,,,
2026-07-09,SF+ND,Channel 14,752.0,33.0,8.0,5.0,,7.0,10.0,8.0,8.0,5.0,,10.0,21.0,,,5.0,5.0,,,,,,,,,,,,,,,,,,,,,
2026-07-09,Kantar,Israel Hayom,,24.0,14.0,4.0,,8.0,8.0,9.0,8.0,5.0,,8.0,23.0,,4.0,5.0,,,,,,,,,,,,,,,,,,,,,,
2026-07-12,Kantar,Kan 11,551.0,23.0,15.0,5.0,,8.0,8.0,8.0,10.0,5.0,,9.0,24.0,,,5.0,,,,,,,,,,,,,,,,,,,,,,
2026-07-13,Midgam R&C,HaHadashot 12,509.0,22.0,16.0,5.0,,8.0,8.0,8.0,10.0,5.0,,10.0,23.0,,,5.0,,,,,,,,,,,,,,,,,,,,,,
2026-07-15,MP+TM+SN+A,Channel 13,,22.0,15.0,6.0,,7.0,7.0,8.0,10.0,4.0,,11.0,21.0,,4.0,5.0,,,,,,,,,,,,,,,,,,,,,,
2026-07-16,SF+ND,Channel 14,,32.0,8.0,6.0,,7.0,10.0,8.0,7.0,5.0,,11.0,21.0,,,5.0,,,,,,,,,,,,,,,,,,,,,,
2026-07-17,Lazar,Maariv,500.0,22.0,16.0,4.0,,7.0,7.0,8.0,9.0,5.0,,11.0,22.0,,4.0,5.0,,,,,,,,,,,,,,,,,,,,,,
2026-07-19,Kantar,Kan 11,551.0,21.0,15.0,4.0,,10.0,8.0,8.0,9.0,5.0,,9.0,22.0,,4.0,5.0,,,,,,,,,,,,,,,,,,,,,,
2026-07-20,Midgam R&C,HaHadashot 12,507.0,23.0,15.0,4.0,,8.0,8.0,8.0,9.0,5.0,,11.0,24.0,,,5.0,,,,,,,,,,,,,,,,,,,,,,
2026-07-21,MP+TM+SN+A,Channel 13,988.0,21.0,14.0,5.0,,7.0,8.0,8.0,10.0,5.0,,11.0,21.0,,4.0,6.0,,,,,,,,,,,,,,,,,,,,,,
2026-07-23,LRI+P4A,Maariv,500.0,20.0,17.0,5.0,,8.0,8.0,8.0,10.0,5.0,,11.0,23.0,,,5.0,,,,,,,,,,,,,,,,,,,,,,
2026-07-23,Kantar,Israel Hayom,,23.0,14.0,5.0,,9.0,8.0,8.0,9.0,5.0,,10.0,23.0,,,5.0,,,,,,,,,,,,,,,,,,,,,,
2026-07-26,SF+ND,Channel 14,878.0,32.0,7.0,6.0,,8.0,10.0,7.0,6.0,5.0,,12.0,23.0,,,5.0,,,,,,,,,,,,,,,,,,,,,,
2026-07-26,Kantar,Kan 11,551.0,22.0,14.0,5.0,,9.0,8.0,8.0,9.0,5.0,,10.0,21.0,,4.0,5.0,,,,,,,,,,,,,,,,,,,,,,
2026-07-27,Midgam R&C,HaHadashot 12,,,,,,,,,,,,,,,,,,,,,,,,,,,,,,,,,,38.0,,38.0,24.0,24.0
2026-07-27,Direct Polls,i24 News,,,,,,,,,,,,,,,,,,,,,,,,,,,37.0,,,,,,,47.0,,,16.0,16.0
2026-07-29,MP+TM+SN+A,Channel 13,,,,,,,,,,,,,,,,,,,,,,,,,,,45.0,,,,,,,40.0,,,15.0,15.0
2026-07-29,SF+ND,Channel 14,539.0,32.0,7.0,5.0,,7.0,10.0,8.0,8.0,5.0,,10.0,22.0,,,6.0,,,,,,,,,,,,,,,,,,,,,,
2026-07-30,LRI+P4A,Maariv,501.0,22.0,15.0,5.0,,7.0,7.0,8.0,10.0,5.0,,9.0,23.0,,4.0,5.0,,,,,,,,,,,,,,,,,,,,,,
2026-08-02,Kantar,Kan 11,551.0,23.0,13.0,4.0,,9.0,8.0,8.0,9.0,5.0,,8.0,23.0,,4.0,6.0,,,,,,,,,,,,,,,,,,,,,,
2026-08-03,Midgam R&C,HaHadashot 12,503.0,23.0,14.0,5.0,,7.0,7.0,8.0,9.0,5.0,,10.0,23.0,,4.0,5.0,,,,,,,,,,,,,,,,,,,,,,
2026-08-04,Maagar Mochot,Channel 16,,21.0,14.0,4.0,,9.0,9.0,8.0,9.0,4.0,,11.0,22.0,,4.0,5.0,,,,,,,,,,,,,,,,,,,,,,
2026-08-04,SF+ND,Channel 14,588.0,31.0,8.0,6.0,,6.0,11.0,8.0,8.0,5.0,,10.0,22.0,,,5.0,,,,,,,,,,,,,,,,,,,,,,
2026-08-05,MP+TM+SN+A,Channel 13,961.0,22.0,13.0,5.0,,9.0,7.0,8.0,11.0,5.0,,11.0,23.0,,,6.0,,,,,,,,,,,,,,,,,,,,,,
2026-08-06,Kantar,Israel Hayom,552.0,23.0,13.0,4.0,,9.0,7.0,8.0,9.0,6.0,,10.0,23.0,,4.0,5.0,,,,,,,,,,,,,,,,,,,,,,
2026-08-06,LRI+P4A,Maariv,502.0,22.0,15.0,4.0,,8.0,7.0,8.0,10.0,5.0,,9.0,23.0,,4.0,5.0,,,,,,,,,,,,,,,,,,,,,,
2026-08-09,Kantar,Kan 11,551.0,24.0,13.0,5.0,,8.0,8.0,8.0,10.0,6.0,,10.0,23.0,,,5.0,,,,,,,,,,,,,,,,,,,,,,
2026-08-09,SF+ND,Channel 14,741.0,33.0,7.0,6.0,,6.0,10.0,7.0,8.0,5.0,,10.0,23.0,,,5.0,,,,,,,,,,,,,,,,,,,,,,
2026-08-10,Midgam R&C,HaHadashot 12,502.0,22.0,15.0,5.0,,8.0,7.0,8.0,10.0,5.0,,11.0,24.0,,,5.0,,,,,,,,,,,,,,,,,,,,,,
2026-08-10,Maagar Mochot,Channel 16,,22.0,16.0,4.0,,9.0,10.0,7.0,9.0,4.0,,12.0,22.0,,,5.0,,,,,,,,,,,,,,,,,,,,,,
2026-08-12,MP+TM+SN+A,Channel 13,1240.0,21.0,12.0,5.0,,8.0,7.0,8.0,10.0,5.0,,11.0,23.0,,4.0,6.0,,,,,,,,,,,,,,,,,,,,,,
2026-08-13,Direct Polls,i24 News,512.0,30.0,8.0,5.0,,7.0,8.0,9.0,9.0,5.0,,10.0,23.0,,,6.0,,,,,,,,,,,,,,,,,,,,,,
2026-08-13,LRI+P4A,Maariv,506.0,21.0,14.0,4.0,,8.0,7.0,8.0,10.0,5.0,,10.0,23.0,,4.0,6.0,,,,,,,,,,,,,,,,,,,,,,
2026-08-16,Kantar,Kan 11,1103.0,23.0,14.0,4.0,,10.0,7.0,8.0,10.0,5.0,,10.0,23.0,,,6.0,,,,,,,,,,,,,,,,,,,,,,
2026-08-17,Midgam R&C,HaHadashot 12,501.0,24.0,16.0,,,8.0,7.0,8.0,10.0,5.0,,11.0,26.0,,,5.0,,,,,,,,,,,,,,,,,,,,,,
2026-08-18,Direct Polls,i24 News,522.0,31.0,9.0,5.0,,6.0,8.0,8.0,8.0,5.0,,11.0,24.0,,,5.0,,,,,,,,,,,,,,,,,,,,,,
2026-08-18,SF+ND,Channel 14,636.0,32.0,6.0,6.0,,8.0,10.0,7.0,7.0,6.0,,9.0,24.0,,,5.0,,,,,,,,,,,,,,,,,,,,,,
2026-08-19,Maagar Mochot,Channel 16,551.0,22.0,16.0,4.0,,9.0,9.0,7.0,9.0,4.0,,10.0,25.0,,,5.0,,,,,,,,,,,,,,,,,,,,,,
2026-08-19,Kantar,Kan 11,558.0,23.0,14.0,5.0,,9.0,7.0,8.0,9.0,5.0,,10.0,24.0,,,6.0,,,,,,,,,,,,,,,,,,,,,,
2026-08-19,Midgam Project,Channel 13,1247.0,23.0,13.0,5.0,,8.0,7.0,8.0,9.0,5.0,,11.0,26.0,,,5.0,,,,,,,,,,,,,,,,,,,,,,
2026-08-20,LRI+P4A,Maariv,501.0,20.0,14.0,5.0,,9.0,7.0,8.0,10.0,5.0,,10.0,26.0,,,6.0,,,,,,,,,,,,,,,,,,,,,,
2026-08-23,Kantar,Kan 11,,,,,,,,,,,,,,,,,,,,,,,,,,,,,,,,,,35.0,,41.0,24.0,24.0
2026-08-24,SF+ND,Channel 14,486.0,32.0,7.0,5.0,,8.0,10.0,8.0,7.0,5.0,,9.0,24.0,,,5.0,5.0,,,,,,,,,,,,,,,,,,,,,
2026-08-26,LRI+P4A,Walla,500.0,21.0,15.0,,,8.0,7.0,7.0,9.0,5.0,7.0,10.0,25.0,6.0,,,,,,,,,,,,,,,,,,,,,,,,
2026-08-26,Direct Polls,i24 News,532.0,26.0,8.0,4.0,,6.0,8.0,7.0,8.0,6.0,6.0,10.0,23.0,8.0,,,,,,,,,,,,,,,,,,,,,,,,
2026-08-26,MP+TM+SN+A,Channel 13,1407.0,19.0,13.0,5.0,,8.0,8.0,8.0,9.0,5.0,10.0,11.0,24.0,,,,,,,,,,,,,,,,,,,,,,,,,
2026-08-26,Maagar Mochot,Channel 16,552.0,21.0,16.0,,,9.0,9.0,7.0,8.0,4.0,7.0,11.0,21.0,7.0,,,,,,,,,,,,,,,,,,,,,,,,
2026-08-27,SF+ND,Channel 14,981.0,31.0,7.0,4.0,,7.0,10.0,7.0,6.0,5.0,7.0,9.0,23.0,4.0,,,,,,,,,,,,,,,,,,,,,,,,
2026-08-27,Yossi Tatika,Zman Yisrael,500.0,22.0,14.0,,,6.0,9.0,8.0,10.0,5.0,6.0,8.0,26.0,6.0,,,,,,,,,,,,,,,,,,,,,,,,
2026-08-27,LRI+P4A,Maariv,506.0,20.0,15.0,,,8.0,7.0,8.0,9.0,5.0,8.0,10.0,25.0,5.0,,,,,,,,,,,,,,,,,,,,,,,,
2026-08-30,Kantar,Kan 11,,,,,,,,,,,,,,,,,,,,,,,,,,,,,,,,,,37.0,,40.0,23.0,23.0
2026-08-30,SF+ND,Channel 14,666.0,31.0,6.0,4.0,,7.0,10.0,7.0,7.0,5.0,7.0,8.0,24.0,4.0,,,,,,,,,,,,,,,,,,,,,,,,
2026-08-31,Midgam R&C,HaHadashot 12,506.0,23.0,15.0,,,8.0,7.0,8.0,9.0,4.0,7.0,11.0,24.0,4.0,,,,,,,,,,,,,,,,,,,,,,,,
2026-09-02,LRI+P4A,Walla,500.0,22.0,15.0,5.0,5.0,7.0,7.0,8.0,9.0,5.0,8.0,10.0,24.0,,,,,,,,,,,,,,,,,,,,,,,,,
2026-09-02,Maagar Mochot,Channel 16,552.0,19.0,18.0,5.0,5.0,9.0,9.0,7.0,7.0,4.0,7.0,10.0,20.0,5.0,,,,,,,,,,,,,,,,,,,,,,,,
2026-09-03,Yossi Tatika,Zman Yisrael,500.0,22.0,15.0,5.0,5.0,6.0,9.0,8.0,10.0,5.0,6.0,8.0,22.0,,4.0,,,,,,,,,,,,,,,,,,,,,,,
2026-09-04,LRI+P4A,Maariv,600.0,20.0,15.0,5.0,5.0,8.0,7.0,7.0,9.0,5.0,7.0,10.0,23.0,4.0,,,,,,,,,,,,,,,,,,,,,,,,
2026-09-14,Kantar,Kan 11,,,,,,,,,,,,,,,,,,,,,,,,,,,,,,,,,,36.0,,39.0,25.0,25.0
